{
  "91d7d44849aaa32d953399c315d3338572889c74.png": {
    "title": "ODI Burst theme colour",
    "description": "Takes the theme colour as it's background colour",
    "source": "unknown",
    "licence": "unknown",
    "attribution": "unknown",
    "tags": []
  },
  "cb37a73180b59df11864f4753fdf885a658888d4.jpg": {
    "title": "People network (430x430)",
    "description": "People network (430x430)",
    "source": "http://www.shutterstock.com/pic.mhtml?id=58591429&src=lb-36497927\n",
    "licence": "Shutterstock standard licence",
    "attribution": "higyou",
    "tags": [
      {
        "title": "Linked",
        "_id": "5ee397a3b045644557c81a73"
      },
      {
        "title": "Cartoon",
        "_id": "5ee3979cb045644557c81a3e"
      }
    ]
  },
  "d1ef206854e8e694964194343e871fb1e3daad9f.jpg": {
    "title": "Clock ",
    "description": "Clock",
    "source": "http://www.freepik.com/free-vector/colorful-clock_794576.htm#term=clock&page=1&position=13",
    "licence": "CC-BY",
    "attribution": "Freepik",
    "tags": [
      {
        "title": "Clock",
        "_id": "5ee397afb045644557c81b1d"
      },
      {
        "title": "time",
        "_id": "5ee397afb045644557c81b1e"
      }
    ]
  },
  "f64ad121fc8e0250264e5d5f00c90d78cd6271a0.png": {
    "title": "ODI Learning Roundal Green-Blue",
    "description": "Main ODI logo",
    "source": "http://theodi.org/",
    "licence": "All rights reserved",
    "attribution": "The Open Data Institute",
    "tags": [
      {
        "title": "ODI logo",
        "_id": "5ee397b8b045644557c81b50"
      },
      {
        "title": "intro logo",
        "_id": "5ee397b8b045644557c81b51"
      }
    ]
  },
  "0e2fd8fcd1a07f10c385649faacf87fa782f6ed7.jpg": {
    "title": "data-lifecycle",
    "description": "data-lifecycle",
    "source": "https://theodi.org",
    "licence": "CC-BY",
    "attribution": "The Open Data Institute",
    "tags": []
  },
  "14bb855951dfe14c5a20171da1f99337cb140ca1.jpg": {
    "title": "People Europe white bg",
    "description": "People Europe white bg",
    "source": "https://www.freepik.com/index.php?goto=74&idfoto=861919&term=people%20silhouette",
    "licence": "CC-BY",
    "attribution": "Kjpargeter / Freepik / ODI",
    "tags": []
  },
  "168aaddb50bd4da70aeb517c65262d077538c3ff.jpg": {
    "title": "Magnifying glass person",
    "description": "Magnifying glass person",
    "source": "https://www.freepik.com/index.php?goto=74&idfoto=836834&term=magnifying%20glass",
    "licence": "CC-BY",
    "attribution": "Ibrandify / Freepik",
    "tags": []
  },
  "1c3bf1d770a7dba5378010036468eb53d932c5dc.jpg": {
    "title": "personal-3285992_640.jpg",
    "description": "Innovation",
    "source": "https://pixabay.com/en/personal-collective-group-know-3285992/",
    "licence": "CC0",
    "attribution": "Pixabay",
    "tags": []
  },
  "1fb4a3759a8a5087246e7f4aebcb78bfe8ca7e67.jpeg": {
    "title": "World map",
    "description": "World map",
    "source": "https://www.freepik.com/index.php?goto=74&idfoto=1095019&term=world%20map",
    "licence": "CC-BY",
    "attribution": "starline / Freepik",
    "tags": []
  },
  "292b8aaf2d0ce63184410c9fe49d8d0bbe264092.png": {
    "title": "Screen Shot 2018-05-23 at 09.57.42.png",
    "description": "Image consent form",
    "source": "The Open Data Institute",
    "licence": "All rights reserved",
    "attribution": "The Open Data Institute",
    "tags": []
  },
  "43a1c4e720876e49432ecf95c181d05f705252e2.png": {
    "title": "Privacy policies GDPR",
    "description": "Privacy policies GDPR",
    "source": "https://ico.org.uk/media/for-organisations/documents/1625136/good-and-bad-examples-of-privacy-notices.pdf",
    "licence": "CC-BY",
    "attribution": "ICO / ODI",
    "tags": []
  },
  "458adda7ac3e7ac4553d78420de38d2003c0db3b.png": {
    "title": "GDPR personal data",
    "description": "GDPR personal data",
    "source": "https://theodi.org",
    "licence": "CC0",
    "attribution": "Open Data Institute",
    "tags": []
  },
  "484db8c2bdaed7a020ae10c7a958be8be7b3e4f1.png": {
    "title": "Clipboard Black (NEW)",
    "description": "Clipboard Black (NEW)",
    "source": "https://theodi.org",
    "licence": "CC-BY-SA",
    "attribution": "The Open Data Institute",
    "tags": []
  },
  "5722a3d3bfed4238e04a74c608e5aba0f1113e28.jpg": {
    "title": "security.jpg",
    "description": "security icon",
    "source": "http://www.freepik.com/free-vector/security-icon_1086687.htm#term=risk&page=1&position",
    "licence": "CC-BY",
    "attribution": "Photoroyalty / Freepik",
    "tags": []
  },
  "592f63a86550bffdd9eb31929c2a577fff42ed52.jpg": {
    "title": "Police car",
    "description": "Police car",
    "source": "https://www.pexels.com/photo/auto-automobile-blur-buildings-532001/",
    "licence": "CC0",
    "attribution": "Pexels",
    "tags": []
  },
  "647bc36a181b6051c7606c3f90d785a03671901c.png": {
    "title": "Data lifecycle",
    "description": "Data lifecycle",
    "source": "https://www.nexor.com/wp/wp-content/uploads/2017/03/Enabling-Secure-Information-Exchange-in-Cloud-environments-white-paper-diagram-1.png",
    "licence": "All rights reserved",
    "attribution": "Nexor",
    "tags": []
  },
  "724008f00c16619da741356bc607b081fcb67264.png": {
    "title": "Clipboard ODI",
    "description": "Summary clipboard ODI",
    "source": "http://www.shutterstock.com/pic-189810137.html",
    "licence": "Shutterstock standard licence",
    "attribution": "Kritchanut",
    "tags": [
      {
        "title": "Summary",
        "_id": "5ee397b3b045644557c81b38"
      },
      {
        "title": "Clipboard",
        "_id": "5ee397a2b045644557c81a58"
      }
    ]
  },
  "7f4051eb1770c3b0c66eebb44302b4b83e8a674b.png": {
    "title": "locked.png",
    "description": "Padlock",
    "source": "https://www.flaticon.com/free-icon/locked_149462#term=secure&page=1&position=1",
    "licence": "CC0",
    "attribution": "Flaticon",
    "tags": []
  },
  "8beca80eb92c0d4b5d0af6d638256fab25db9645.png": {
    "title": "Computer wallpaper with icons",
    "description": "Computer wallpaper with icons",
    "source": "https://www.freepik.com/free-vector/computer-wallpaper-with-icons_1087359.htm#term=request&page=1&position=5",
    "licence": "CC-BY",
    "attribution": "Freepik",
    "tags": []
  },
  "920b06ed7712901d594c675160503549989b5d65.jpeg": {
    "title": "People Europe white bg",
    "description": "People Europe white bg",
    "source": "https://www.freepik.com/index.php?goto=74&idfoto=861919&term=people%20silhouette",
    "licence": "CC-BY",
    "attribution": "Kjpargeter / Freepik / ODI",
    "tags": []
  },
  "aaa5d49fc619760fb5ceb459d7ec8b3bc8e8b0c3.jpg": {
    "title": "Philip-Horgan.jpg",
    "description": "Philip",
    "source": "The Open Data Institute",
    "licence": "All rights reserved",
    "attribution": "The Open Data Institute",
    "tags": [
      {
        "title": "Team member",
        "_id": "5f37ae9d8d82e7005e43dbf2"
      }
    ]
  },
  "ae443dbaacece3c2e56cef4aa80f718b15b36b58.jpg": {
    "title": "Security icon",
    "description": "Security icon",
    "source": "http://www.freepik.com/free-vector/security-icon_1086687.htm#term=risk&page=1&position=30",
    "licence": "CC-BY",
    "attribution": "Photoroyalty / Freepik",
    "tags": []
  },
  "b76218293826e7a650a4aa14953ab05d9668f93f.jpg": {
    "title": "Arms care check health",
    "description": "Arms care check health",
    "source": "https://www.pexels.com/photo/person-using-black-blood-pressure-monitor-905874/",
    "licence": "CC0",
    "attribution": "Pexels",
    "tags": []
  },
  "ba480652a95a23964820181a8e0f0a11a8a59489.jpg": {
    "title": "Child boy school",
    "description": "Child boy school",
    "source": "https://www.pexels.com/photo/boy-child-childhood-class-207653/",
    "licence": "CC0",
    "attribution": "Pexels",
    "tags": []
  },
  "c8983566fcee8bb217d473f37e4f7839c3fdf58e.png": {
    "title": "globe face connected",
    "description": "globe people world connected connection faces",
    "source": "https://pixabay.com/en/social-media-faces-photo-album-550767/",
    "licence": "CC0",
    "attribution": "geralt",
    "tags": []
  },
  "d83ce940ff76810967a9ec101f4cb6fefd54a4d0.png": {
    "title": "Adapt eLearning",
    "description": "Adapt eLearning",
    "source": "unknown",
    "licence": "unknown",
    "attribution": "unknown",
    "tags": [
      {
        "title": "client logos",
        "_id": "5ee397aeb045644557c81aee"
      }
    ]
  },
  "dc978b720ce5d9fe6bda0b646d8851bb809538b5.png": {
    "title": "ODI Office DAC 1",
    "description": "ODI Office DAC 1",
    "source": "https://www.slideshare.net/OReillyStrata/data-as-an-art-material-case-study-the-open-data-institute",
    "licence": "CC-BY",
    "attribution": "Open Data Institute",
    "tags": []
  },
  "efcf8de1a8a7c7dac10f9f91063a92130e6f26b5.jpg": {
    "title": "Checklist",
    "description": "Checklist",
    "source": "http://www.freepik.com",
    "licence": "CC-BY",
    "attribution": "Freepik",
    "tags": []
  },
  "8d88c11e683384065bd162128b346b89a1006858.png": {
    "title": "Lisa Allen",
    "description": "Lisa Allen",
    "source": "https://theodi.org",
    "licence": "All rights reserved",
    "attribution": "Open Data Institute",
    "tags": []
  }
}